DATE,THREAT ACTORS,AFFAECTED GROUOS,SECURITY INCIDENT TYPE,SECURITY INCIDENT SUB-TYPE,STATE,LAC,LOCATION,NUMBER OF PEOPLE KIDNAPPED,NUMBER OF PEOPLE KILLED,NUMBER OF PEOPLE INJURED,BREAKDOWN OF INCIDENT,MONTH,YEAR
1/23/2021,Criminals,Civilians,Abduction,Kidnapping,Federal Capital Territory,Abaji,Other,8,0,0,"Gunmen attack orphanage home, abduct 10 in Abuja",Jan,2021
2/2/2021,Criminals,Civilians,Abduction,Kidnapping,Federal Capital Territory,Bwari,Residence,3,0,0,"Gunmen kidnap father of Council chair, 2 siblings in Abuja",Feb,2021
2/26/2021,Criminals,Civilians,Abduction,Kidnapping,Federal Capital Territory,Bwari,Residence,2,0,0,"Anxiety as gunmen invade Abuja community, abducts two",Feb,2021
3/14/2021,Criminals,Civilians,Abduction,Kidnapping,Federal Capital Territory,Abaji,Community,4,0,0,Two killed as police foil kidnap attempt in Abuja community,Mar,2021
3/24/2021,Criminals,Civilians,Abduction,Kidnapping,Federal Capital Territory,Kuje,Residence,4,0,0,"Gunmen abduct 4 persons in Abuja, demand N200m ransom",Mar,2021
3/26/2021,Criminals,Civilians,Abduction,Kidnapping,Federal Capital Territory,Abaji,Residence,1,0,0,Gunmen kidnap house wife in Abuja,Mar,2021
4/1/2021,Criminals,Civilians,Abduction,Kidnapping,Federal Capital Territory,Kuje,Road,1,0,0,"Gunmen strike again in troubled Abuja community, kidnap resident",Apr,2021
4/13/2021,Criminals,Civilians,Abduction,Kidnapping,Federal Capital Territory,Gwagwalada,Community,4,0,0,"Kidnappers kill police officer, abduct 4 in Abuja",Apr,2021
4/19/2021,Criminals,Civilians,Abduction,Kidnapping,Federal Capital Territory,Kwali,Community,1,0,0,"Gunmen invade herders’ camap, shot 1, kidnap other in Abuja",Apr,2021
4/25/2021,Criminals,Civilians,Abduction,Kidnapping,Federal Capital Territory,Kuje,Road,1,0,0,Gunmen invade Abuja community kidnap one,Apr,2021
5/21/2021,Criminals,Civilians,Abduction,Kidnapping,Federal Capital Territory,Bwari,Residence,2,0,0,Gunmen kidnap 2 persons from their Kubwa residence,May,2021
5/23/2021,Criminals,Civilians,Abduction,Kidnapping,Federal Capital Territory,Bwari,Residence,2,0,0,"Gunmen abduct father, son in Abuja",May,2021
6/8/2021,Criminals,Civilians,Abduction,Kidnapping,Federal Capital Territory,Kuje,Residence,1,0,0,Female teacher abducted in Abuja,Jun,2021
6/23/2021,Criminals,Civilians,Abduction,Kidnapping,Federal Capital Territory,Gwagwalada,Other,9,0,0,"Gunmen abduct ex-Kogi lawmaker, eight others in Abuja",Jun,2021
7/15/2021,Criminals,Civilians,Abduction,Kidnapping,Federal Capital Territory,Abaji,Road,1,0,0,"Gunmen kill Nigerian army general on highway from capital, kidnap sister",Jul,2021
8/15/2021,NSAG - Non State Armed Group,Farmer/Herder,Abduction,Kidnapping,Federal Capital Territory,Kwali,Residence,3,0,0,"Unknown Gunmen Abduct Three Herdsmen, Injure One In Nigeria's Capital City",Aug,2021
9/3/2021,Criminals,Civilians,Abduction,Kidnapping,Federal Capital Territory,Kwali,Residence,2,0,0,"Gunmen strike in Abuja, abduct father, son",Sep,2021
9/5/2021,Criminals,Civilians,Abduction,Kidnapping,Federal Capital Territory,Kuje,Residence,3,0,0,"Armed men kidnap Abuja pastor’s wife, daughters",Sep,2021
9/28/2021,Criminals,Civilians,Abduction,Kidnapping,Federal Capital Territory,Kuje,Other,6,0,0,"Gunmen kidnap Doctor, five others in Chikuku Village",Sep,2021
10/29/2021,Criminals,Civilians,Abduction,Kidnapping,Federal Capital Territory,Kwali,Residence,3,0,0,"Gunmen abduct Abuja chief imam, sons",Oct,2021
12/18/2021,Criminals,"Security Forces (Military, Police, Paramilitary, DSS / SSS and including MNJTF)",Abduction,Kidnapping,Federal Capital Territory,Abaji,Community,1,1,0,"Gunmen abduct DSS official, kills vigilante member in an attack in Abaji",Dec,2021
1/18/2022,Criminals,Civilians,Abduction,Kidnapping,Federal Capital Territory,Abaji,Road,3,0,0,"3 Farmers transporting yam from Abuja to Lambata, Niger abducted by gunmen",Jan,2022
2/1/2022,NSAG - Non State Armed Group,Civilians,Abduction,Kidnapping,Federal Capital Territory,Kuje,Community,1,1,0,Gunmen kill 1 man & abducts a 12 year old girl in Chukuku Area in Kuje Lga of the FCT Abuja,Feb,2022
2/18/2022,Criminals,Civilians,Abduction,Kidnapping,Federal Capital Territory,Kuje,Community,1,1,0,"Gunmen kill motorcyclist, abduct Abuja monarch’s son in Kuje, LGA, Federal Capital Territory",Feb,2022
3/7/2022,Criminals,Civilians,Abduction,Kidnapping,Federal Capital Territory,Abaji,Residence,3,0,0,"Kidnappers Break Into Abuja Home, Abduct Couple, 5-Month-Old Child",Mar,2022
3/12/2022,Criminals,Civilians,Abduction,Kidnapping,Federal Capital Territory,Abuja Municipal,Residence,0,0,0,"Gunmen rob a Journalist at his residence in Chika area, Lugbe Abuja Municipal Area Council (AMAC).",Mar,2022
3/13/2022,Criminals,Civilians,Abduction,Kidnapping,Federal Capital Territory,Abuja Municipal,Residence,1,0,0,"Kidnappers abducted a Journalist at his residence in Chika area, Lugbe Abuja Municipal Area Council (AMAC).",Mar,2022
3/23/2022,Criminals,Civilians,Abduction,Kidnapping,Federal Capital Territory,Abaji,Community,3,0,0,"Gunmen Raid Fulani Settlement, Kidnap 3 In Abuja",Mar,2022
3/30/2022,Civilians,Civilians,Abduction,Kidnapping,Federal Capital Territory,Karu,Road,1,0,0,"5 year old girl goes missing in Karu, Abuja.",Mar,2022
3/30/2022,Criminals,Civilians,Abduction,Kidnapping,Federal Capital Territory,Kwali,Community,4,0,0,Gunmen abduct Abuja monarch and 3 others,Mar,2022
3/31/2022,Criminals,Civilians,Abduction,Kidnapping,Federal Capital Territory,Kwali,Community,1,0,0,Gunmen abduct the traditional ruler of Bukpe community in Kwali Area Council of the Federal Capital Territory,Mar,2022
4/20/2022,Criminals,Civilians,Abduction,Kidnapping,Federal Capital Territory,Kuje,Residence,4,0,0,Gunmen abduct 4 family members in FCT,Apr,2022
4/27/2022,Criminals,Civilians,Abduction,Kidnapping,Federal Capital Territory,Abuja Municipal,Other,0,1,0,"Female corp memberkidnapped in Abuja, found dead",Apr,2022
5/4/2022,"Security Forces (Military, Police, Paramilitary, DSS / SSS and including MNJTF)",Civilians,Abduction,Kidnapping,Federal Capital Territory,Abuja Municipal,Other,1,0,0,Police sergent fake own kidnap in Abuja Mnicipal LGA of the FCT.,May,2022
5/31/2022,Criminals,Civilians,Abduction,Kidnapping,Federal Capital Territory,Kuje,Residence,1,0,1,"1 injured,1 abducted as gunmen attack school owner in Kuje LGA of Abuja.",May,2022
6/14/2022,Criminals,Civilians,Abduction,Kidnapping,Federal Capital Territory,Abuja Municipal,Other,17,0,0,"3 pregnant women,2 children and 12 others abducted by gunmen in police uniform from various parts of Abuja",Jun,2022
6/14/2022,Criminals,Civilians,Abduction,Kidnapping,Federal Capital Territory,Abuja Municipal,Residence,17,0,0,Alledged kiddnappers in army uniform pick 17 persons in abuja,Jun,2022
6/22/2022,Criminals,Farmer/Herder,Abduction,Kidnapping,Federal Capital Territory,Abaji,Farmland,22,2,0,"Bandits abduct 22 farmers, kill 2 in Abaji area, Abuja.",Jun,2022
7/17/2022,Criminals,Civilians,Abduction,Kidnapping,Federal Capital Territory,Bwari,Residence,1,0,0,Gunmen kidnap another Abuja monarch,Jul,2022
7/18/2022,Criminals,Civilians,Abduction,Kidnapping,Federal Capital Territory,Bwari,Residence,1,0,0,"1 traditional ruler abducted by terrorists in Kubwa,Bwari LGA of the FCT.",Jul,2022
7/18/2022,Criminals,Civilians,Abduction,Kidnapping,Federal Capital Territory,Abaji,Community,10,1,2,"1 killed,2 injured and 10 abducted as bandits raid Piakon Basa community of the FCT.",Jul,2022
7/24/2022,Criminals,Civilians,Abduction,Kidnapping,Federal Capital Territory,Kwali,Residence,2,0,0,"2 abducted from Sheda community,Kwali LGA of the FCT by gunmen suspected to be kidnappers.",Jul,2022
7/26/2022,Criminals,Civilians,Abduction,Kidnapping,Federal Capital Territory,Kwali,Residence,3,0,0,3 siblings abducted at Yangoji community in Kwali LGA of the FCT.,Jul,2022
7/26/2022,Criminals,Civilians,Abduction,Kidnapping,Federal Capital Territory,Abuja Municipal,Community,1,0,0,"1 female abducted at Dawaki Galadinma,AMAC of Abuja.",Jul,2022
7/26/2022,Criminals,Civilians,Abduction,Kidnapping,Federal Capital Territory,Kwali,Residence,1,0,0,Wife of Fulani leader re-abducted in Kwali LGA of the FCT.,Jul,2022
7/27/2022,Criminals,"Security Forces (Military, Police, Paramilitary, DSS / SSS and including MNJTF)",Abduction,Kidnapping,Federal Capital Territory,Bwari,Community,14,0,0,1 Army captain and 13 soldiers abducted in Abuja.,Jul,2022
7/28/2022,NSAG - Non State Armed Group,Civilians,Abduction,Kidnapping,Federal Capital Territory,Kwali,Farmland,2,0,0,Gunmen abduct driver and assistant in kwali LGA,Jul,2022
9/24/2022,NSAG - Non State Armed Group,Civilians,Abduction,Kidnapping,Federal Capital Territory,Abaji,Road,5,0,0,Bandits kidnp 5 civillians in Abuja community,Sep,2022
9/27/2022,Criminals,Civilians,Abduction,Kidnapping,Federal Capital Territory,Kwali,Community,3,0,0,"3 women abducted by suspected bandits in Yangoji ,Kwali LGA of the FCT.",Sep,2022
9/28/2022,NSAG - Non State Armed Group,Civilians,Abduction,Kidnapping,Federal Capital Territory,Abaji,Community,10,0,0,"AOG raid community in Abuja, kidnap 10 people.",Sep,2022
10/3/2022,Unknown,Civilians,Abduction,Kidnapping,Federal Capital Territory,Abaji,Road,2,1,0,"Nigerian government official kidnapped alongside mother and son, killed by kidnappers",Oct,2022
10/11/2022,Criminals,Civilians,Abduction,Kidnapping,Federal Capital Territory,Abaji,Road,1,0,0,"1 Assistant Chief Surveyor abducted aand killed in Abaji,FCT.",Oct,2022
10/12/2022,Unknown,Civilians,Abduction,Kidnapping,Federal Capital Territory,Abuja Municipal,Road,1,1,0,Unknown armed men abduct 1 civillian and kill man trying to rescue the abducted person in Abuja,Oct,2022
10/19/2022,Criminals,Civilians,Abduction,Kidnapping,Federal Capital Territory,Abuja Municipal,Residence,1,0,0,6 year old boy abducted outside their residence in abuja,Oct,2022
11/1/2022,NSAG - Non State Armed Group,Civilians,Abduction,Kidnapping,Federal Capital Territory,Kwali,School,1,0,0,Vice principal abducted in Abuja,Nov,2022
11/28/2022,Criminals,Civilians,Abduction,Kidnapping,Federal Capital Territory,Abuja Municipal,Residence,1,0,0,1 abducted in Galadima axis of the FCT.,Nov,2022
11/30/2022,NSAG - Non State Armed Group,Civilians,Abduction,Kidnapping,Federal Capital Territory,Abuja Municipal,Residence,1,0,0,AOG abduct expatraite in abuja,Nov,2022
12/7/2022,Criminals,Civilians,Abduction,Kidnapping,Federal Capital Territory,Bwari,Community,8,1,1,"1 injured,1 killed and 8 abducted from Arab road extension,Kubwa,Bwari LGA of the FCT",Dec,2022
12/10/2022,Criminals,Civilians,Abduction,Kidnapping,Federal Capital Territory,Kuje,Road,16,0,0,"16 persons abducted by gunmen in Gwonbe community,Kuje LGA of the FCT.",Dec,2022
1/1/2023,NSAG - Non State Armed Group,Civilians,Abduction,Kidnapping,Federal Capital Territory,Abuja Municipal,Residence,4,0,0,"AOG raid private residence in Abuja, abduct 4 male civillians",Jan,2023
1/1/2023,NSAG - Non State Armed Group,Civilians,Abduction,Kidnapping,Federal Capital Territory,Abuja Municipal,Residence,4,0,0,"AOG raid residence in Abuja, abduct 4 male civillians",Jan,2023
1/2/2023,Criminals,Civilians,Abduction,Kidnapping,Federal Capital Territory,Bwari,Residence,4,0,0,"4 Abuja residents abducted by armed bandits in Kubwa,Bwari LGA of the FCT.",Jan,2023
1/11/2023,Criminals,Civilians,Abduction,Kidnapping,Federal Capital Territory,Bwari,Residence,2,1,0,"1 man killed by gunmen, wife and cousin abducted in Ushafa community ,BwariLGA of the FCT.",Jan,2023
1/16/2023,Criminals,Civilians,Abduction,Kidnapping,Federal Capital Territory,Abuja Municipal,Public Location,1,0,0,1 female NUJ staff abducted in Abuja.,Jan,2023
2/15/2023,Criminals,Civilians,Abduction,Kidnapping,Federal Capital Territory,Kuje,Community,8,2,0,"8 abducted,2 killed in Muna community,Kuje LGA of Ebonyi State.",Feb,2023
3/11/2023,NSAG - Non State Armed Group,Civilians,Abduction,Kidnapping,Federal Capital Territory,Abuja Municipal,Community,11,0,0,"Gunmen raid estate in Abuja, kidnap 11 including a pastor, wife and children",Mar,2023
3/21/2023,Criminals,Civilians,Abduction,Kidnapping,Federal Capital Territory,Bwari,Road,0,2,0,"2 killed,several abducted as terrorist raid passangers along Abuja-Kaduna highway, Bwari LGA of the FCT.",Mar,2023
4/17/2023,Criminals,Civilians,Abduction,Kidnapping,Federal Capital Territory,Abuja Municipal,Residence,2,0,0,2 abducted from Estste in AMAC LGA of the FCT.,Apr,2023
4/17/2023,Criminals,Civilians,Abduction,Kidnapping,Federal Capital Territory,Kuje,Community,6,1,0,"Kidnappers Kill Man, Abduct Wife, 5 Others In Abuja Suburb",Apr,2023
4/22/2023,Criminals,Civilians,Abduction,Kidnapping,Federal Capital Territory,Kuje,Community,13,0,0,Gunmen Abduct 13 In Fct Community,Apr,2023
4/25/2023,Criminals,Civilians,Abduction,Kidnapping,Federal Capital Territory,Kwali,Community,29,0,0,29 abducted from Kwali LGA of the FCT.,Apr,2023
5/14/2023,NSAG - Non State Armed Group,Civilians,Abduction,Kidnapping,Federal Capital Territory,Kuje,Government Building,15,0,0,"Gunmen abduct FCTA staff, 14 others in Abuja",May,2023
5/31/2023,Civilians,Civilians,Abduction,Kidnapping,Federal Capital Territory,Kwali,Residence,2,0,0,New tenants flee with neighbour’s two children in Abuja,May,2023
6/1/2023,NSAG - Non State Armed Group,Civilians,Abduction,Kidnapping,Federal Capital Territory,Abuja Municipal,Community,3,0,0,"Gunmen Invade Abuja Community, Kidnap Village Head, 2 Others",Jun,2023
6/3/2023,NSAG - Non State Armed Group,Civilians,Abduction,Kidnapping,Federal Capital Territory,Abuja Municipal,Residence,4,0,0,"Gunmen storm Abuja community, kidnap four targets",Jun,2023
6/3/2023,Criminals,Civilians,Abduction,Kidnapping,Federal Capital Territory,Abuja Municipal,Residence,4,0,0,Gunmen suspected to be kidnappers abducted four people from their residence,Jun,2023
6/14/2023,Criminals,Civilians,Abduction,Kidnapping,Federal Capital Territory,Bwari,Road,1,0,0,"unidentified gunmen abducted a woman identified as Mrs Joy Deke, around the Catholic Papal’s Ground, opposite the Federal Housing Estate, Kubwa, Abuja.",Jun,2023
7/16/2023,NSAG - Non State Armed Group,Civilians,Abduction,Kidnapping,Federal Capital Territory,Abuja Municipal,Residence,2,0,0,Two kidnapped as gunmen launch fresh attack in Abuja,Jul,2023
7/13/2023,Political Thug/Hired Assailant,"Security Forces (Military, Police, Paramilitary, DSS / SSS and including MNJTF)",Abduction,Kidnapping,Federal Capital Territory,Abaji,Other,1,1,1,"Nigerian Army General, Hassan Ahmed murdered in Abuja, sister abducted",Jul,2023
8/16/2023,NSAG - Non State Armed Group,Civilians,Abduction,Kidnapping,Federal Capital Territory,Abuja Municipal,Road,1,0,0,"Corps Member Miss Akande Abosede Esther, Kidnapped In Abuja",Aug,2023
8/20/2023,Bandits,Civilians,Abduction,Kidnapping,Federal Capital Territory,Abuja Municipal,Residence,2,0,0,Suspected bandits abducted the son of an Army General and another local in the community,Aug,2023
8/26/2023,NSAG - Non State Armed Group,Civilians,Abduction,Kidnapping,Federal Capital Territory,Abaji,Farmland,1,0,0,Tractor Driver Kidnapped While Working On Farm,Aug,2023
8/31/2023,Criminals,Civilians,Abduction,Kidnapping,Federal Capital Territory,Abuja Municipal,Road,1,0,0,Woman abducted by suspected kidnappers in Lugbe,Aug,2023
9/2/2023,NSAG - Non State Armed Group,Civilians,Abduction,Kidnapping,Federal Capital Territory,Bwari,Residence,1,0,0,"Gunmen Invade Abuja Estate, Abduct Resident",Sep,2023
9/7/2023,NSAG - Non State Armed Group,Civilians,Abduction,Kidnapping,Federal Capital Territory,Bwari,Community,19,0,0,19 persons were on Thursday kidnapped in the Bwari Area Council,Sep,2023
9/8/2023,NSAG - Non State Armed Group,Civilians,Abduction,Kidnapping,Federal Capital Territory,Kuje,Road,2,0,0,"Woman, Daughters Were Forced Out Of Their Car In Abuja, Marched Into Kuje Forest",Sep,2023
9/12/2023,Criminals,Civilians,Abduction,Kidnapping,Federal Capital Territory,Abuja Municipal,Road,1,0,0,Girl kidnapped in transit on her way from Area 1 to Gudu,Sep,2023
9/16/2023,Criminals,Civilians,Abduction,Kidnapping,Federal Capital Territory,Abuja Municipal,Residence,0,0,1,Abuja man escapes kidnap attempt by fake soldiers,Sep,2023
9/20/2023,NSAG - Non State Armed Group,Civilians,Abduction,Kidnapping,Federal Capital Territory,Abuja Municipal,Market,1,0,0,1 kidnapped in Wuse market car park,Sep,2023
9/29/2023,NSAG - Non State Armed Group,Civilians,Abduction,Kidnapping,Federal Capital Territory,Bwari,Road,3,0,0,NSAG abducted two persons and a minor,Sep,2023
10/3/2023,NSAG - Non State Armed Group,Civilians,Abduction,Kidnapping,Federal Capital Territory,Gwagwalada,School,0,0,0,Gunmen Attempt To Abduct Female Student From Uniabuja Hostel,Oct,2023
10/10/2023,Criminals,Civilians,Abduction,Kidnapping,Federal Capital Territory,Abuja Municipal,Residence,3,0,2,Gunmen suspected to be kidnappers invaded a house injured two and kidnapped 3,Oct,2023
10/28/2023,Criminals,Civilians,Abduction,Kidnapping,Federal Capital Territory,Bwari,Community,3,0,0,Unkown men kidnapped 3 people a secondary school teacher and two others in Sherepe community under Shere Ward of Bwari area council FCT Abuja,Oct,2023
11/20/2023,NSAG - Non State Armed Group,Civilians,Abduction,Kidnapping,Federal Capital Territory,Kuje,Farmland,8,0,0,"Gunmen storm Abuja community with AK-47, abduct eight women",Nov,2023
11/20/2023,NSAG - Non State Armed Group,Civilians,Abduction,Kidnapping,Federal Capital Territory,Kwali,Residence,7,1,0,Kidnappers killed 1 and abducted 7 including the father of the Vice Chairman of Kwali Area Council,Nov,2023
11/22/2023,Criminals,Civilians,Abduction,Kidnapping,Federal Capital Territory,Bwari,Community,8,1,0,Armed men killed one (1) and abducted eight (8) others Mpape Community in Bwari Area Council,Nov,2023
11/24/2023,NSAG - Non State Armed Group,Civilians,Abduction,Kidnapping,Federal Capital Territory,Abaji,Road,1,0,0,Gunmen Abduct 1 In FCT,Nov,2023
11/28/2023,Criminals,Civilians,Abduction,Kidnapping,Federal Capital Territory,Bwari,Community,1,0,1,"veterinary doctor was shot and injured, and his wife kidnapped by gunmen",Nov,2023
9/16/2023,Criminals,Civilians,Abduction,Kidnapping,Federal Capital Territory,Abuja Municipal,Residence,0,0,1,Abuja man escapes kidnap attempt by fake soldiers,Sep,2023
10/3/2023,NSAG - Non State Armed Group,Civilians,Abduction,Kidnapping,Federal Capital Territory,Gwagwalada,School,0,0,0,Gunmen Attempt To Abduct Female Student From Uniabuja Hostel,Oct,2023
12/3/2023,Criminals,Civilians,Abduction,Kidnapping,Federal Capital Territory,Abuja Municipal,Road,1,0,0,"Gunmen kidnap Abuja landlords, demand N20m ransom",Dec,2023
12/3/2023,Criminals,Civilians,Abduction,Kidnapping,Federal Capital Territory,Abuja Municipal,Residence,1,0,0,"Gunmen kidnap Abuja landlords, demand N20m ransom",Dec,2023
12/10/2023,Criminals,Civilians,Abduction,Kidnapping,Federal Capital Territory,Abuja Municipal,Residence,4,0,0,Kidnappers abduced 1 woman and 3 children in Kubwa,Dec,2023
12/9/2023,Criminals,Civilians,Abduction,Kidnapping,Federal Capital Territory,Bwari,Residence,23,0,0,23 Residents Abducted In Abuja Community,Dec,2023
12/10/2023,Bandits,Civilians,Abduction,Kidnapping,Federal Capital Territory,Abuja Municipal,Community,12,1,0,"killed, 12 kidnapped by gunmen around Airport road, Abuja",Dec,2023
12/12/2023,Criminals,Government Official,Abduction,Kidnapping,Federal Capital Territory,Gwagwalada,Road,1,0,0,Armed men suspected to be kidnappers abducted the Media Adviser to the Senate Minority Leader on his way home,Dec,2023
12/24/2023,Bandits,Civilians,Abduction,Kidnapping,Federal Capital Territory,Bwari,Community,6,0,3,"Bandits Shoot 3, Abduct 6 On Xmas Eve In FCT Council",Dec,2023
12/27/2023,Criminals,Civilians,Abduction,Kidnapping,Federal Capital Territory,Bwari,Residence,7,0,0,Gunmen suspected to be kidnappers abducted seven (7) residents in Kuduru,Dec,2023
12/23/2023,Bandits,Civilians,Abduction,Kidnapping,Federal Capital Territory,Bwari,Community,13,1,0,"Bandits invaded Garam community, which is five minutes drive from Bwari, killing a pastor with the Redeemed Christian Church of God, while kidnapping 13 others.",Dec,2023
1/1/2024,Bandits,Civilians,Abduction,Abduction,Federal Capital Territory,Bwari,Residence,3,0,1,"Bandits Shoot Vigilante, Abduct 3 In FCT",Jan,2024
1/2/2024,Criminals,Civilians,Abduction,Abduction,Federal Capital Territory,Bwari,Residence,7,1,3,"Armed men abducted 7, killed 1 and injured 3 in FCT",Jan,2024
1/6/2024,NSAG - Non State Armed Group,Civilians,Abduction,Kidnapping,Federal Capital Territory,Kuje,Farmland,16,0,0,NSAGs kidnap 16 people from kuje lga in FCT,Jan,2024
1/7/2024,NSAG - Non State Armed Group,Civilians,Abduction,Abduction,Federal Capital Territory,Bwari,Residence,10,2,0,Armed men abducted 10 people in Dutse,Jan,2024
1/9/2024,NSAG - Non State Armed Group,Civilians,Abduction,Kidnapping,Federal Capital Territory,Bwari,Residence,0,0,0,"Non-state armed groups, suspected to be kidnappers, invaded the Jedo Mega City Estate in Ushafa, Bwari Area Council, and abducted four people, but abandoned them after a clash with security operatives",Jan,2024
1/11/2024,NSAG - Non State Armed Group,Civilians,Abduction,Kidnapping,Federal Capital Territory,Bwari,Community,24,0,0,"Non-state armed groups, suspected to be kidnappers, invaded the Kawu Community in Bwari Area Council, abducting twenty-four (24) people, including a former political party chairman in the area.",Jan,2024
1/11/2024,NSAG - Non State Armed Group,Civilians,Abduction,Kidnapping,Federal Capital Territory,Abuja Municipal,Den/Hide-out,2,0,0,Nursing mother and her mother kidnapped.,Jan,2024
1/18/2024,Criminals,Civilians,Abduction,Kidnapping,Federal Capital Territory,Abuja Municipal,Public Location,1,0,0,Man kidnapped at Lugbe airport road as wife narrowly escapes,Jan,2024
1/18/2024,Criminals,Civilians,Abduction,Kidnapping,Federal Capital Territory,Abuja Municipal,Residence,2,0,0,"Kidnappers invade Army Estate in Abuja, abduct two",Jan,2024
1/27/2024,Criminals,Civilians,Abduction,Kidnapping,Federal Capital Territory,Abuja Municipal,Road,1,0,0,Man kidnapped in Lugbe,Jan,2024
1/28/2024,Criminals,Civilians,Abduction,Abduction,Federal Capital Territory,Abuja Municipal,Residence,2,0,0,Kidnappers abducted two (2) girls from their homes,Jan,2024
1/29/2024,Bandits,Civilians,Abduction,Kidnapping,Federal Capital Territory,Kuje,Community,5,3,0,Bandits attacked residents and killed three persons and abducted five (5) persons,Jan,2024
2/1/2024,NSAG - Non State Armed Group,Civilians,Abduction,Kidnapping,Federal Capital Territory,Abuja Municipal,Community,1,0,0,"gunmen suspected to be kidnappers abducted a man identified as Aondo Ver, a director at Federal Housing Authority, Federal Capital Territory (FCT).",Feb,2024
2/1/2024,NSAG - Non State Armed Group,Civilians,Abduction,Kidnapping,Federal Capital Territory,Bwari,Residence,1,0,0,Gunmeb abduct Civil servant from his home in Bwari Lga,Feb,2024
2/3/2024,Humanitarian Aid Worker,Civilians,Abduction,Kidnapping,Federal Capital Territory,Bwari,Hospital,1,0,0,Abuja Doctor Accused Of Stealing Day-Old Baby,Feb,2024
2/10/2024,Civilians,Civilians,Abduction,Kidnapping,Federal Capital Territory,Abuja Municipal,Residence,1,0,0,"Abuja chef allegedly kidnaps boss’ son, collects N3.9m ransom",Feb,2024
2/21/2024,Criminals,Civilians,Abduction,Kidnapping,Federal Capital Territory,Abuja Municipal,Residence,1,0,0,"Armed men suspected to be kidnappers abducted a woman from her residence in Zone B, Apo Resettlement",Feb,2024
2/29/2024,NSAG - Non State Armed Group,Civilians,Abduction,Kidnapping,Federal Capital Territory,Bwari,Community,23,0,0,23 kidnnaped in FCT,Feb,2024
3/25/2024,Criminals,Civilians,Abduction,Kidnapping,Federal Capital Territory,Bwari,Residence,1,0,0,A two-year-old child was abducted in the Bwari area of Abuja,Mar,2024
4/4/2024,NSAG - Non State Armed Group,Civilians,Abduction,Kidnapping,Federal Capital Territory,Bwari,Community,6,1,0,Suspected kidnappers abduct 6 and killed 1 in Bwari abuja,Apr,2024
4/8/2024,Criminals,Civilians,Abduction,Kidnapping,Federal Capital Territory,Bwari,Community,3,0,0,"Gunmen launched an attack on the Kikumi community in Kawu ward, Bwari Area Council, resulting in the abduction of three individuals.",Apr,2024
4/20/2024,Bandits,Civilians,Abduction,Kidnapping,Federal Capital Territory,Bwari,Community,5,0,0,"Bandits invade Abuja community, kidnap five",Apr,2024
5/5/2024,Criminals,Civilians,Abduction,Kidnapping,Federal Capital Territory,Bwari,Residence,13,0,0,Suspected kidnappers abducted kidnapping 13 persons from Bwari,May,2024
5/19/2024,Criminals,Civilians,Abduction,Kidnapping,Federal Capital Territory,Abuja Municipal,Community,20,0,0,"Kidnappers abducted four persons, leaving many injured in Dei Dei",May,2024
5/19/2024,Criminals,Civilians,Abduction,Kidnapping,Federal Capital Territory,Abuja Municipal,Road,16,0,0,Criminals abducted 16 persons in Dei-Dei,May,2024
5/22/2024,Criminals,Civilians,Abduction,Kidnapping,Federal Capital Territory,Bwari,Community,1,0,0,"gunmen suspected to be kidnappers invaded the Ushafa community in Bwari Area Council of the FCT Abuja, abducted one person",May,2024
6/4/2024,NSAG - Non State Armed Group,Civilians,Abduction,Kidnapping,Federal Capital Territory,Bwari,Community,1,0,0,Abuja-based pastor abducted by suspected gunmen,Jun,2024
6/30/2024,Criminals,Civilians,Abduction,Kidnapping,Federal Capital Territory,Bwari,Community,2,0,0,"Gunmen attack Guto village in Bwari, abduct 2 girls",Jun,2024
6/30/2024,Criminals,Civilians,Abduction,Kidnapping,Federal Capital Territory,Bwari,Community,4,1,0,"Resident killed, four others kidnapped as terrorists renew attacks in Abuja",Jun,2024
7/7/2024,Criminals,Civilians,Abduction,Kidnapping,Federal Capital Territory,Abuja Municipal,Other,1,0,0,A group of unidentified armed individuals reportedly kidnapped a former Chairman of the Nigerian Labour Congress (NLC) in Abuja,Jul,2024
7/15/2024,Criminals,Civilians,Abduction,Kidnapping,Federal Capital Territory,Kwali,Residence,5,0,0,Kidnappers invaded the house of a politician and abducted five people,Jul,2024
7/15/2024,NSAG - Non State Armed Group,Civilians,Abduction,Kidnapping,Federal Capital Territory,Kwali,Other,6,0,0,"gunmen Abducted Vice Principal, Pastor, APC chieftain's 2 daughters",Jul,2024
8/15/2024,Criminals,Civilians,Abduction,Kidnapping,Federal Capital Territory,Kwali,Community,3,0,0,3 Abducted from Awawa village in Kwali LGA,Aug,2024
8/27/2024,Bandits,Civilians,Abduction,Kidnapping,Federal Capital Territory,Bwari,Residence,3,0,0,"Bandits stormed the community in a targeted operation, shooting sporadically before abducting 3 people",Aug,2024
8/28/2024,Bandits,Civilians,Abduction,Kidnapping,Federal Capital Territory,Bwari,Residence,2,1,0,"Reportedly, a bandit attack resulted in a resident's death and the abduction of his family at the aforementioned location and time.",Aug,2024
9/22/2024,Bandits,Civilians,Abduction,Kidnapping,Federal Capital Territory,Bwari,Community,1,1,0,Bandits killed a cleric (Imam) and abducted a prominent businessman,Sep,2024
12/22/2024,Criminals,Civilians,Abduction,Abduction,Federal Capital Territory,Kuje,Community,1,0,0,gunmen suspected to be kidnappers abducted a woman from a community in the Kuje Area Council,Dec,2024
1/27/2025,Criminals,Civilians,Abduction,Kidnapping,Federal Capital Territory,Bwari,Residence,5,0,1,"suspects, numbering about 30 and armed with AK-47 rifles, stormed the location targeting one of the victims, who was abducted with his wife, son, and elder brother. They also attacked a poultry farm, abducted a man, and injured his wife.",Jan,2025
1/26/2025,Criminals,Civilians,Abduction,Abduction,Federal Capital Territory,Bwari,Other,5,0,1,One of five abducted Abuja residents found dead in Niger,Jan,2025
2/11/2025,Criminals,Civilians,Abduction,Kidnapping,Federal Capital Territory,Gwagwalada,Other,1,1,0,"Kidnappers Kill Pastor’s Son, Abduct Wife Near Abuja",Feb,2025
2/25/2025,Criminals,Civilians,Abduction,Kidnapping,Federal Capital Territory,Abuja Municipal,Road,2,0,0,"Reportedly, unidentified gunmen have kidnapped an unconfirmed number of individuals at the aforementioned location.",Feb,2025
2/24/2025,Criminals,Civilians,Abduction,Abduction,Federal Capital Territory,Abuja Municipal,Residence,1,0,0,"At a specified location and time, gunmen reportedly abducted a man from his residence and have yet to contact the victim’s family.",Feb,2025
2/25/2025,Criminals,Civilians,Abduction,Kidnapping,Federal Capital Territory,Abuja Municipal,Community,0,0,0,Gunmen abduct victims abandon vehicles near Abacha barracks in Abuja,Feb,2025
3/2/2025,NSAG - Non State Armed Group,Civilians,Abduction,Abduction,Federal Capital Territory,Abuja Municipal,Road,1,0,0,Gunmen suspected to be kidnappers have abducted a man identified as a senior police officer along Kubwa Expressway,Mar,2025
3/21/2025,Criminals,Civilians,Abduction,Kidnapping,Federal Capital Territory,Abuja Municipal,Residence,2,0,0,Gunmen abduct female Naval officer in Abuja,Mar,2025
5/8/2025,Criminals,Civilians,Abduction,Kidnapping,Federal Capital Territory,Abuja Municipal,Other,1,0,0,Chinese national abducted in Abuja,May,2025
5/24/2025,Criminals,Civilians,Abduction,Kidnapping,Federal Capital Territory,Bwari,Residence,1,0,1,"Gunmen abduct man, shoot another in Byazhin, Abuja",May,2025
6/5/2025,NSAG - Non State Armed Group,Civilians,Abduction,Abduction,Federal Capital Territory,Gwagwalada,Public Location,3,0,0,"Unidentified armed individuals reportedly abducted three persons returning from the market at the aforementioned location and time.

The incident occurred in the early evening hours, suggesting a level of premeditation and familiarity with local movement patterns. The assailants' identities and motives remain unknown at this time, and there is no current information on the victims’ whereabouts.

This development underscores the ongoing security challenges in peri-urban areas of the FCT, particularly those bordering rural communities in Niger State, where similar incidents have previously been reported.",Jun,2025
7/3/2025,Criminals,Civilians,Abduction,Kidnapping,Federal Capital Territory,Abuja Municipal,Road,1,0,0,Soyinka rescued by joint forces after abduction from Abuja residence,Jul,2025
7/22/2025,Criminals,Civilians,Abduction,Kidnapping,Federal Capital Territory,Abuja Municipal,Road,2,0,0,Reliable reports indicate that gunmen suspected to be kidnappers abducted two individuals at the specified location and time.,Jul,2025
8/20/2025,Criminals,Civilians,Abduction,Kidnapping,Federal Capital Territory,Abuja Municipal,Residence,2,0,0,"At the specified location and time, unidentified armed assailants reportedly abducted two individuals.",Aug,2025
9/15/2025,Criminals,Civilians,Abduction,Abduction,Federal Capital Territory,Abuja Municipal,Other,2,1,0,"Credible reports indicate that suspected kidnappers abducted two individuals at the aforementioned location and time.

The BSIL intel gathered that members of a Volunteer Vigilante group responded to the incident and engaged the kidnappers in a gunfight. One vigilante was reportedly shot and killed during the exchange. 
The situation has heightened security concerns in the area.",Sep,2025
10/2/2025,Criminals,Civilians,Abduction,Abduction,Federal Capital Territory,Bwari,Other,3,1,0,"Credible reports indicate that suspected armed kidnappers attacked residents at the specified location and time.

During the incident, one person was killed, and three children were abducted.

The situation has generated heightened fear among residents, with concerns of further abductions and reprisals as armed groups continue to exploit security gaps in peri-urban settlements of the FCT.",Oct,2025
10/1/2025,NSAG - Non State Armed Group,Civilians,Abduction,Abduction,Federal Capital Territory,Bwari,Community,4,0,0,"Gunmen kidnap vet doctor, three children in Abuja border village",Oct,2025
10/21/2025,Criminals,Civilians,Abduction,Kidnapping,Federal Capital Territory,Abuja Municipal,Other,1,0,0,Man abducted from Abuja found dead in Kaduna,Oct,2025
11/26/2025,Criminals,Civilians,Abduction,Kidnapping,Federal Capital Territory,Bwari,Community,7,0,0,"Bandits abduct teenage boy, six girls from FCT community",Nov,2025
12/5/2025,Bandits,Civilians,Abduction,Kidnapping,Federal Capital Territory,Bwari,Other,5,0,0,"A joint team of the Nigeria Police Force (FCT Anti-Kidnapping Unit), the Nigerian Army, and the Department of State Services (DSS) rescued seven individuals abducted from Ushafa community on December 5, 2025, by suspected bandits.",Dec,2025
Total,,,,,,,,,,,,,335815
